operation,time_ms,phase
RSA-2048 KeyGen,22.36570000241045,
RSA-2048 Sign (x100),0.46718800003873184,
X25519 KeyGen,7.828500005416572,
,237.61140000715386,P1-2: Registration + ME Sign
,98.16649999993388,P4: Circuit Setup (ECDH)
,162.9415999923367,P5: Reverse Trace
